Abbott,Adam,Adams,Ahmed,Aitken,Akhtar,Alcock,Aldred,Alexander,Ali,Allan,Allen,Anderson,Andrew,Andrews,Appleton,Archer,Armitage,Armstrong,Arnold,Ashton,Atherton,Atkins,Atkinson,Austin,Bailey,Bain,Bains,Baird,Baker,Baldwin,Ball,Banks,Bannister,Barber,Barclay,Barker,Barlow,Barnard,Barnes,Barnett,Barr,Barrett,Barron,Barrow,Barry,Bartlett,Barton,Bass,Bassett,Bateman,Bates,Baxter,Beale,Bean,Bear,Beattie,Beaumont,Beck,Begum,Bell,Bennett,Benson,Bentley,Bernard,Berry,Best,Betts,Bevan,Bird,Bishop,Black,Blackburn,Blackman,Blackmore,Blair,Blake,Bloggs,Blundell,Bob,Bolton,Bond,Bone,Bonner,Booth,Bostock,Bourne,Bouvet,Bowden,Bowen,Bowers,Bowes,Bowler,Bowman,Boyd,Boyle,Bradley,Bradshaw,Brady,Bray,Brennan,Brett,Brewer,Bridges,Briggs,Bright,Britton,Broadhurst,Brook,Brookes,Brooks,Broughton,Brown,Browne,Browning,Bruce,Bryan,Bryant,Buchanan,Buckley,Bull,Bullock,Burgess,Burke,Burnett,Burns,Burrows,Burt,Burton,Busby,Bush,Butler,Buxton,Byrne,Cairns,Callaghan,Calvert,Cameron,Campbell,Cannon,Carey,Carpenter,Carr,Carroll,Carson,Carter,Cartwright,Carty,Casey,Cassidy,Chadwick,Chamberlain,Chambers,Chandler,Chapman,Charles,Charlton,Childs,Christie,Churchill,Clark,Clarke,Clarkson,Clay,Clayton,Clegg,Clements,Clifford,Coates,Cohen,Cole,Coleman,Coles,Collier,Collins,Connelly,Connolly,Connor,Conroy,Conway,Cook,Cooke,Coombes,Cooper,Cope,Copeland,Corbett,Corrigan,Cousins,Cox,Craig,Crane,Crawford,Cresswell,Crisp,Croft,Cross,Crossley,Crouch,Crowe,Crowther,Cullen,Cummings,Cunningham,Curran,Currie,Curry,Curtis,Dale,Dalton,Daly,Daniel,Daniels,Davey,David,Davidson,Davie,Davies,Davis,Davison,Dawson,Day,Deacon,Dean,Dennis,Denton,Derrick,Devine,Devlin,Dickens,Dickinson,Dickson,Dixon,Dodd,Doherty,Dolan,Donald,Donaldson,Donnelly,Douglas,Dowling,Downes,Doyle,Draper,Drew,Drummond,Duff,Duffy,Duggan,Duncan,Dunkley,Dunn,Dunne,Dupont,Dyer,Easton,Eastwood,Eaton,Edge,Edmonds,Edwards,Elliott,Ellis,England,English,Evans,Everett,Farmer,Farrell,Farrow,Faulkner,Feeney,Fellows,Fenton,Ferguson,Fernandez,Ferreira,Field,Fielding,Finch,Finnegan,Finney,Firth,Fisher,Fitzgerald,Fitzpatrick,Fleming,Fletcher,Flower,Flynn,Foley,Ford,Forrest,Foster,Fountain,Fowler,Fox,Frame,Francis,Franklin,Franks,Fraser,Freeman,French,Frost,Fuller,Fulton,Gale,Gallagher,Garcia,Gardiner,Gardner,Garner,Gates,George,Gibbons,Gibbs,Gibson,Gilbert,Giles,Gill,Gillespie,Gilmour,Glover,Goddard,Goodman,Goodwin,Gordon,Gough,Gould,Goulding,Graham,Grainger,Grant,Gray,Greaves,Green,Greenaway,Greenwood,Gregory,Grey,Griffin,Griffiths,Guest,Gunn,Hackett,Hagan,Haigh,Haines,Hale,Hall,Hamer,Hamilton,Hammond,Hancock,Hanson,Harding,Hardy,Hargreaves,Harper,Harrington,Harris,Harrison,Hart,Hartley,Harvey,Harwood,Hassan,Hastings,Hawkins,Hayes,Haynes,Hayward,Healy,Heath,Heaton,Henderson,Henry,Herbert,Hewitt,Hibbert,Hicks,Higgins,Higgs,Hill,Hills,Hilton,Hirst,Hobbs,Hodge,Hodgson,Hodson,Hogg,Holden,Holland,Holloway,Holman,Holmes,Holt,Hood,Hooper,Hope,Hopkins,Horne,Horner,Horton,Hough,Houghton,Howard,Howarth,Howe,Howell,Howells,Hubbard,Hudson,Hughes,Hull,Humphrey,Humphreys,Humphries,Hunt,Hunter,Hurst,Hussain,Hutchinson,Hutton,Iles,Ireland,Irvine,Irving,Jackson,Jacobs,James,Jarvis,Jeffery,Jenkins,Jennings,John,Johns,Johnson,Johnston,Jones,Jordan,Joseph,Joyce,Kane,Kaur,Kavanagh,Kay,Kaye,Kearney,Kearns,Keeling,Keenan,Kelly,Kemp,Kennedy,Kenny,Kent,Kerr,Khan,Kidd,King,Kirby,Kirk,Knight,Knott,Knowles,Kouma,Lacey,Laing,Lake,Lamb,Lambert,Lane,Lang,Langley,Larkin,Lawrence,Lawson,Lawson,Leach,Lee,Lees,Leigh,Lennon,Leonard,Levy,Lewis,Lindsay,Lister,Little,Lloyd,Logan,Long,Lopez,Lord,Love,Lovell,Lowe,Lowry,Lucas,Lynch,Lynn,Lyons,Mac,Macdonald,Macfarlane,Macgregor,Mackay,Mackenzie,Macleod,Maguire,Mair,Malone,Mann,Mansell,Marriott,Marsden,Marsh,Marshall,Martin,Mason,Matthams,Matthews,Maxwell,May,Mcarthur,Mccabe,Mccallum,Mccann,Mccarthy,Mccartney,Mccormack,Mccormick,Mcculloch,Mcdermott,Mcdonald,Mcdonnell,Mcfarlane,Mcghee,Mcgill,Mcgowan,Mcgrath,Mcgregor,Mcguire,Mcintosh,Mcintyre,Mckay,Mckenna,Mckenzie,Mckeown,Mclaughlin,Mclean,Mclellan,Mcleod,Mcloughlin,Mcmahon,Mcmanus,Mcmillan,Mcneil,Mcneill,Mcphee,Mcpherson,Mellor,Meredith,Metcalfe,Michael,Middleton,Miles,Millar,Miller,Millington,Mills,Milne,Milner,Mitchell,Mohamed,Mohammed,Monaghan,Moody,Mooney,Moore,Moran,Morgan,Morley,Morris,Morrison,Morrow,Morton,Moss,Muir,Mullins,Munro,Murphy,Murray,Mustafa,Nairn,Nash,Naylor,Neal,Neale,Needham,Nelson,Neville,Newman,Newton,Nicholls,Nichols,Nicholson,Nixon,Noble,Nolan,Norman,Norris,North,Norton,O'brien,O'connor,O'donnell,O'neill,Obrien,Odling,Oliver,Oneill,Osborne,Owen,Owens,Page,Paine,Palmer,Park,Parker,Parkes,Parkinson,Parr,Parry,Parsons,Partridge,Patel,Paterson,Patterson,Paul,Payne,Peacock,Pearce,Pearson,Pemberton,Penn,Perez,Perkins,Perry,Peters,Peterson,Philip,Phillips,Pike,Piper,Pitt,Plant,Plummer,Pollard,Poole,Pope,Porter,Potter,Potts,Povey,Powell,Power,Pratt,Preece,Prentice,Preston,Price,Prince,Pritchard,Proctor,Quinn,Rahman,Ramsay,Randall,Rankin,Ratcliffe,Rawlings,Rayner,Read,Reader,Redfern,Redman,Redmond,Reed,Rees,Reeve,Reeves,Regan,Reid,Reilly,Rennie,Reynolds,Rhodes,Rice,Rich,Richards,Richardson,Richmond,Ridley,Rigby,Riley,Roach,Robbins,Roberts,Robertson,Robin,Robins,Robinson,Robson,Roche,Rodgers,Rodrigues,Rodriguez,Rogers,Rooney,Rose,Ross,Rossi,Rowe,Rowland,Rowley,Rudd,Russell,Ryan,Ryder,Sadler,Salt,Salter,Samuels,Sanchez,Sanders,Sanderson,Saunders,Savage,Sawyer,Schmidt,Schofield,Scott,Searle,Senior,Seymour,Shah,Sharma,Sharp,Sharpe,Shaw,Sheldon,Shepherd,Sheppard,Sheridan,Shields,Short,Silva,Simmonds,Simmons,Simon,Simons,Simpson,Sims,Sinclair,Singh,Singleton,Skinner,Slater,Sloan,Smart,Smith,Smyth,Southern,Spence,Spencer,Spooner,Squires,Stacey,Stanley,Stanton,Steadman,Steele,Stephens,Stephenson,Stevens,Stevenson,Stewart,Stokes,Stone,Storey,Stott,Strong,Stuart,Stubbs,Sullivan,Summers,Sumner,Sutherland,Sutton,Swan,Sweeney,Swift,Sykes,Tait,Talbot,Tanner,Tate,Taylor,Terry,Thomas,Thompson,Thomson,Thorne,Thornton,Thorpe,Todd,Tomlinson,Townsend,Tucker,Turnbull,Turner,Tyler,Vaughan,Vickers,Vincent,Wade,Wainwright,Walker,Wall,Wallace,Waller,Wallis,Walmsley,Walsh,Walters,Walton,Ward,Wardle,Ware,Waring,Warner,Warren,Waters,Watkins,Watson,Watts,Weaver,Webb,Webber,Webster,Weir,Welch,Wells,Welsh,West,Weston,Wharton,Wheatley,Wheeler,Whelan,White,Whitehead,Whitehouse,Whiteley,Whitfield,Whitmore,Whittaker,Whittington,Whittle,Whyte,Wickens,Wicks,Wiggins,Wilcox,Wilde,Wilkes,Wilkins,Wilkinson,Williams,Williamson,Willis,Wills,Wilson,Winter,Wood,Woodcock,Woods,Woodward,Woolley,Wormald,Worthington,Wright,Wyatt,Yates,York,Young